quantity,mean,median,lower_95,upper_95,probability_below_1
Posterior pooled odds ratio,0.7820358129460343,0.7802544511323083,0.6903474708409896,0.8844380279876808,0.9999166666666667
Predicted odds ratio in a future comparable trial,0.7907733272668389,0.7785514063276825,0.5621086238159828,1.1024378753865554,0.9425833333333333
Between-study heterogeneity: tau,0.12553031647619486,0.11817549766798771,0.008023530744305308,0.29490322038395206,
