parameter,mean,sd,hdi_2.5%,hdi_97.5%,mcse_mean,mcse_sd,ess_bulk,ess_tail,r_hat
mu,-0.247782,0.06205,-0.369683,-0.122471,0.000763,0.000623,6682.273329,7280.092239,1.000309
tau,0.12553,0.076882,3.9e-05,0.264429,0.001448,0.000718,2646.762885,4027.651643,1.002004
pooled_odds_ratio,0.782036,0.04866,0.690953,0.884732,0.000601,0.000509,6682.273329,7280.092239,1.000291
