quantity,mean,median,lower_2_5_pct,upper_97_5_pct,minimum,maximum
Prior pooled odds ratio: beta blocker versus control,1.1430757700178629,1.0152732849302142,0.37816045513350444,2.7321481442650404,0.21292755725305312,4.833788097207628
Prior between-study heterogeneity: tau,0.40621777231900097,0.34526855486791613,0.016003636135598222,1.1299560952892787,0.00011986746226293463,1.8880047337892363
Prior study-specific odds ratios,1.3171490241447605,0.9979739461963393,0.24165646352596615,4.094654317862369,0.006361012213821085,105.28492853979458
Prior-predictive aggregate control mortality proportion,0.12015067519545133,0.11706772261143264,0.08030510711747385,0.17626154939587776,0.06264595390394964,0.21717940907706365
Prior-predictive aggregate beta-blocker mortality proportion,0.1368795613446988,0.12652044823292788,0.04806771382051527,0.2890336174695906,0.027870893592567763,0.41011397375730296
