parameter,mean,sd,hdi_2.5%,hdi_97.5%,mcse_mean,mcse_sd,ess_bulk,ess_tail,r_hat
mu,-0.259306,0.048585,-0.354236,-0.16296,0.000519,0.000505,8772.486859,6874.652408,1.000705
pooled_odds_ratio,0.772498,0.037548,0.699814,0.847703,0.000401,0.000393,8772.486859,6874.652408,1.00065
