quantity,mean,median,lower_2_5_pct,upper_97_5_pct,minimum,maximum
Study-specific control mortality probability,0.49642723707419406,0.4915198619800644,0.007241811629231306,0.9926053726785952,2.44802953802613e-05,0.9999605315627871
Study-specific beta-blocker mortality probability,0.49702491210483535,0.4949570166429137,0.006679563786639117,0.9930746658089954,1.8537007476238387e-05,0.9999664901381476
Prior odds ratio: beta blocker versus control,1.1399015026099468,1.0009386936060505,0.3746571797063088,2.663752947902399,0.15137353822706912,5.760567047752835
Prior-predictive aggregate control mortality proportion,0.4947373845060412,0.496395573154635,0.2916920499543101,0.6998756218905472,0.1678342978982638,0.8393745557924662
Prior-predictive aggregate beta-blocker mortality proportion,0.49561473996743605,0.4929125562685567,0.25942438463748685,0.7361770903170193,0.1458672540944354,0.8371803467100852
