quantity,mean,median,lower_2_5_pct,upper_97_5_pct,minimum,maximum
Study-specific control mortality probability,0.11911498044503395,0.09908777866175406,0.024761082840572848,0.32577636307586605,0.004575242462742407,0.6994681161014462
Study-specific beta-blocker mortality probability,0.12787472333166403,0.09983268005722609,0.01842729764924629,0.3978460553195885,0.001840685937484556,0.805639535179883
Prior odds ratio: beta blocker versus control,1.1399015026099468,1.0009386936060505,0.3746571797063088,2.663752947902399,0.15137353822706912,5.760567047752835
Prior-predictive aggregate control mortality proportion,0.11909071987003758,0.11595085795512235,0.07889125799573561,0.1765712255051274,0.05503096761092497,0.2503807493146512
Prior-predictive aggregate beta-blocker mortality proportion,0.12789593908629443,0.11694282156881525,0.04558471410784408,0.27010583277463834,0.02451872426012834,0.4413370366823101
